Sintoma,Frequência Ponderada
MIALGIA,5.434628975265018
CEFALEIA,4.672791519434629
FEBRE,4.401413427561837
NAUSEA,2.790106007067138
HIPERTENSA,1.9604556582386912
VOMITO,1.5646643109540639
DOR_COSTAS,1.3992932862190812
DIABETES,1.3506075719728734
DOR_RETRO,1.296113074204947
LEUCOPENIA,0.29051775049150325
